{
  "meta": {
    "seed": 20260701,
    "weights": {
      "distance": 0.3212,
      "responseRate": 0.3467,
      "rating": 0.3321
    },
    "radiusStepsKm": [
      5,
      10,
      15,
      25
    ],
    "maxRounds": 3,
    "workersPerRound": 3,
    "note": "Seeded synthetic data over a Greater-Kumasi bounding box. Reproducible via `npm run bench`."
  },
  "latency": [
    {
      "poolSize": 100,
      "reps": 40,
      "ms": {
        "n": 40,
        "mean": 1.0178525000000036,
        "median": 0.8741499999998723,
        "p95": 1.8138400000000936,
        "p99": 2.8214000000000348,
        "min": 0.5633000000002539,
        "max": 3.004699999999957,
        "sd": 0.5169869700225468,
        "ci95": 0.16021592189824305
      }
    },
    {
      "poolSize": 1000,
      "reps": 40,
      "ms": {
        "n": 40,
        "mean": 10.359112499999934,
        "median": 7.982499999999845,
        "p95": 21.120849999999972,
        "p99": 25.601986999999774,
        "min": 5.4638999999997395,
        "max": 28.287799999999606,
        "sd": 5.351640155354584,
        "ci95": 1.6584904666367077
      }
    },
    {
      "poolSize": 5000,
      "reps": 40,
      "ms": {
        "n": 40,
        "mean": 51.73208249999999,
        "median": 46.77269999999976,
        "p95": 84.70823999999965,
        "p99": 91.30243699999983,
        "min": 30.624399999999696,
        "max": 92.44579999999951,
        "sd": 15.41554093430963,
        "ci95": 4.777325630165896
      }
    },
    {
      "poolSize": 10000,
      "reps": 40,
      "ms": {
        "n": 40,
        "mean": 143.41459500000002,
        "median": 112.16454999999996,
        "p95": 262.21736999999985,
        "p99": 536.1202950000002,
        "min": 60.52940000000035,
        "max": 697.1004000000012,
        "sd": 103.97172561017462,
        "ci95": 32.22117158824875
      }
    }
  ],
  "dispatchLadder": [
    {
      "policy": "random",
      "matchRate": {
        "n": 30,
        "mean": 0.9999523809523809,
        "median": 1,
        "p95": 1,
        "p99": 1,
        "min": 0.9985714285714286,
        "max": 1,
        "sd": 0.00026082026547865353,
        "ci95": 0.00009333333333333441
      },
      "meanRounds": {
        "n": 30,
        "mean": 1.0272391852306013,
        "median": 1.0278571428571428,
        "p95": 1.0396428571428573,
        "p99": 1.0438714285714286,
        "min": 1.0114285714285713,
        "max": 1.0442857142857143,
        "sd": 0.007558017596351875,
        "ci95": 0.0027046018619946927
      },
      "dispatchPerMatch": {
        "n": 30,
        "mean": 1.4252106410518428,
        "median": 1.4238739014919273,
        "p95": 1.4980714285714285,
        "p99": 1.5020285714285715,
        "min": 1.3471428571428572,
        "max": 1.502857142857143,
        "sd": 0.04040763152464331,
        "ci95": 0.014459685237183951
      },
      "meanMatchKm": {
        "n": 30,
        "mean": 3.2925334369632613,
        "median": 3.2901204752837514,
        "p95": 3.356770618571192,
        "p99": 3.3645409815120697,
        "min": 3.224284624841255,
        "max": 3.3662238478096884,
        "sd": 0.04613949494935683,
        "ci95": 0.01651080622143017
      },
      "utilGini": {
        "n": 30,
        "mean": 0.4803422449303994,
        "median": 0.48171428571428565,
        "p95": 0.5094380952380951,
        "p99": 0.5214274285714285,
        "min": 0.44666666666666655,
        "max": 0.5248190476190475,
        "sd": 0.01713172304631606,
        "ci95": 0.006130508358780306
      }
    },
    {
      "policy": "nearest",
      "matchRate": {
        "n": 30,
        "mean": 0.999904761904762,
        "median": 1,
        "p95": 1,
        "p99": 1,
        "min": 0.9985714285714286,
        "max": 1,
        "sd": 0.00036244018814637923,
        "ci95": 0.00012969755563886976
      },
      "meanRounds": {
        "n": 30,
        "mean": 1.025669323523401,
        "median": 1.025,
        "p95": 1.0440714285714285,
        "p99": 1.0495857142857143,
        "min": 1.01,
        "max": 1.05,
        "sd": 0.009383309229154263,
        "ci95": 0.0033577740841847447
      },
      "dispatchPerMatch": {
        "n": 30,
        "mean": 1.4248988350705085,
        "median": 1.43,
        "p95": 1.5007857142857142,
        "p99": 1.5105571428571427,
        "min": 1.2914285714285714,
        "max": 1.5142857142857142,
        "sd": 0.050521992120480176,
        "ci95": 0.01807906269319703
      },
      "meanMatchKm": {
        "n": 30,
        "mean": 0.8059552659330024,
        "median": 0.7985541084126636,
        "p95": 0.8614367378736314,
        "p99": 0.8899231062932509,
        "min": 0.751587416200128,
        "max": 0.8995923535959566,
        "sd": 0.034244047436738166,
        "ci95": 0.01225407499770059
      },
      "utilGini": {
        "n": 30,
        "mean": 0.518304250516611,
        "median": 0.5157285714285713,
        "p95": 0.5532614285714285,
        "p99": 0.5629501904761903,
        "min": 0.47553333333333336,
        "max": 0.5651238095238094,
        "sd": 0.02133620021918787,
        "ci95": 0.007635061192310632
      }
    },
    {
      "policy": "full",
      "matchRate": {
        "n": 30,
        "mean": 1,
        "median": 1,
        "p95": 1,
        "p99": 1,
        "min": 1,
        "max": 1,
        "sd": 0,
        "ci95": 0
      },
      "meanRounds": {
        "n": 30,
        "mean": 1.0070952380952383,
        "median": 1.0064285714285715,
        "p95": 1.013642857142857,
        "p99": 1.0203714285714287,
        "min": 1.0014285714285713,
        "max": 1.022857142857143,
        "sd": 0.0043828617242854225,
        "ci95": 0.0015683869254405143
      },
      "dispatchPerMatch": {
        "n": 30,
        "mean": 1.1793809523809526,
        "median": 1.1721428571428572,
        "p95": 1.2414285714285713,
        "p99": 1.2475142857142858,
        "min": 1.1157142857142857,
        "max": 1.25,
        "sd": 0.03448154935716842,
        "ci95": 0.01233906396842395
      },
      "meanMatchKm": {
        "n": 30,
        "mean": 1.2774590825737564,
        "median": 1.285381599054816,
        "p95": 1.3507478451979325,
        "p99": 1.362760194197601,
        "min": 1.1332804321171384,
        "max": 1.3668161667899272,
        "sd": 0.05630600080490465,
        "ci95": 0.02014884361898354
      },
      "utilGini": {
        "n": 30,
        "mean": 0.7791371428571426,
        "median": 0.7783047619047618,
        "p95": 0.7960133333333332,
        "p99": 0.800235619047619,
        "min": 0.7592190476190475,
        "max": 0.8018761904761904,
        "sd": 0.010491898836696278,
        "ci95": 0.0037544777804282316
      }
    }
  ],
  "hungarianGap": {
    "n": 40,
    "mean": 0.01908345418177208,
    "median": 0.01825761799021903,
    "p95": 0.030449959324920863,
    "p99": 0.03640889430820549,
    "min": 0.009569439123399671,
    "max": 0.03865688925307959,
    "sd": 0.006125072266652084,
    "ci95": 0.0018981795611835767
  },
  "weightSensitivity": {
    "oat": [
      {
        "factor": "distance",
        "direction": "-20%",
        "meanChurn": 0.11666666666666665
      },
      {
        "factor": "distance",
        "direction": "+20%",
        "meanChurn": 0.1
      },
      {
        "factor": "responseRate",
        "direction": "-20%",
        "meanChurn": 0.11666666666666665
      },
      {
        "factor": "responseRate",
        "direction": "+20%",
        "meanChurn": 0.1
      },
      {
        "factor": "rating",
        "direction": "-20%",
        "meanChurn": 0.15833333333333327
      },
      {
        "factor": "rating",
        "direction": "+20%",
        "meanChurn": 0.09166666666666669
      }
    ],
    "ablation": [
      {
        "factor": "distance",
        "meanChurn": 0.7916666666666667
      },
      {
        "factor": "responseRate",
        "meanChurn": 0.7166666666666669
      },
      {
        "factor": "rating",